rct_id,last_checked,checked_hash,n_papers,best_kind,best_confidence
AEARCTR-0000005,2026-09-26,d363ea7c4f4b3e0c586b6a0b68d7a439edd3ba4d,1,published,0.930
AEARCTR-0000006,2026-09-26,cad1dc142750999c5102a6e8b334b93e1697a44b,1,published,0.970
AEARCTR-0000011,2026-09-26,619d3b89fcb415ea3688a7480b65f64ab37575de,0,completed_no_paper,0.000
AEARCTR-0000016,2026-09-26,e4e7550528b21e39bf1071816782d9848de795ad,2,working_paper,0.930
AEARCTR-0000019,2026-09-26,455749bb3a6a359933feb73c909d1f83822fb4b5,1,published,0.930
AEARCTR-0000024,2026-09-26,a56ee18e17b0422825829818d48c971d893ea60a,0,completed_no_paper,0.000
AEARCTR-0000026,2026-09-26,7c717c768ac34e1272a4f4a639f3c8ba91d58b4f,0,completed_no_paper,0.000
AEARCTR-0000027,2026-09-26,fe7d199e9b1c16f57bc080fe04b7ec06e344f813,1,working_paper,0.970
AEARCTR-0000028,2026-09-26,75feba8e40499e9ac95007e42adf52802868bb11,4,published,0.970
AEARCTR-0000036,2026-09-26,0c8b6c65eac5a48507b4b28e692b174c1c708203,1,published,0.930
AEARCTR-0000037,2026-09-26,482d03e782e1c34f95669dbb28fac404fe674f3a,1,published,0.970
AEARCTR-0000045,2026-09-26,032c64d15d27a7fcdbb125364d5d5441f361129e,1,working_paper,0.970
AEARCTR-0000046,2026-09-26,7844e654937e037d61103c5ae402dc18fb0fb449,0,completed_no_paper,0.000
AEARCTR-0000047,2026-09-26,f63ec8fa014b5ea8ed7c10c219bf817f2612d986,0,completed_no_paper,0.000
AEARCTR-0000051,2026-09-26,fbd00dc3874b4051d354f40111d66e764c0a5b9f,1,published,0.930
AEARCTR-0000052,2026-09-26,665462ad1e4d8731de5d6312c4fc66ff74ad281a,0,completed_no_paper,0.000
AEARCTR-0000058,2026-09-26,148fd1e04462afe4ee86d05db4a4bdaad10e47bd,0,completed_no_paper,0.000
AEARCTR-0000062,2026-09-26,0c835b53b03d8083633a5b84f2dd27c9fa7e07ca,3,published,0.970
AEARCTR-0000065,2026-09-26,0232241bcea3e53d34b70b3b668cd79cc50a7c08,0,completed_no_paper,0.000
AEARCTR-0000069,2026-09-26,f3e4db9d8ddde7af5af2d5da067127116447538a,0,completed_no_paper,0.000
AEARCTR-0000076,2026-09-26,4cffc1cecdc8ed7a870e7f8259d0a8327711d4fe,1,working_paper,0.970
AEARCTR-0000078,2026-09-26,8186ac05f2a6dd18d963728dc2845a62522ec19f,1,published,0.970
AEARCTR-0000081,2026-09-26,8dbee433f6d21acaac47ce15c18a07612a06a400,1,working_paper,0.930
AEARCTR-0000097,2026-09-26,6de21d9e362951eed844a34e4d5a023427d92650,0,completed_no_paper,0.000
AEARCTR-0000102,2026-09-26,50c6c6641c3ec981efbedd89f824253bc0411915,0,completed_no_paper,0.000
AEARCTR-0000105,2026-09-26,18e7674ad7e4fb174e7c9fc96c252b226632dc4f,1,published,0.930
AEARCTR-0000113,2026-09-26,e397db6d6ad1a4bee6706d12eea1dfb13e7fb470,0,completed_no_paper,0.000
AEARCTR-0000129,2026-09-26,d1716eaced2bc0fdb17656e31eab849dcf7aa736,0,completed_no_paper,0.000
AEARCTR-0000130,2026-09-26,bddef2b540ad81b8e53e7e64133b4b46572e5664,1,published,0.970
AEARCTR-0000132,2026-09-26,5d27054ffe4ed7ab773f05519180038392ea677d,3,working_paper,0.930
AEARCTR-0000133,2026-09-26,fa695f73d0fb226fbae444fea67a515599c83947,0,completed_no_paper,0.000
AEARCTR-0000145,2026-09-26,eedc7876a74d415377a389538737e3b1798bab20,0,completed_no_paper,0.000
AEARCTR-0000156,2026-09-26,95e2cbcf81a2d8cf6898bb145a6b5778cc396676,1,published,0.930
AEARCTR-0000162,2026-09-26,9c59ad817726babe338365fbdb4626ecb0c7fe9a,0,completed_no_paper,0.000
AEARCTR-0000165,2026-09-26,866c581fba8f6382bd012ffc2751ab185723815d,1,working_paper,0.930
AEARCTR-0000167,2026-09-26,351e6236b34f0c045ae6fa8afccdde6123bbd8b3,1,published,0.970
AEARCTR-0000168,2026-09-26,fba181ecb03f970b6c5e7d93587bf7c52466225f,1,working_paper,0.970
AEARCTR-0000172,2026-09-26,9a785813b0c593ede7151318f28da0023388d997,0,completed_no_paper,0.000
AEARCTR-0000175,2026-09-26,bb664b5013fd59fb71db3fa0f364cf7aeced1ff8,0,completed_no_paper,0.000
AEARCTR-0000179,2026-09-26,d8f17e620b00b4ce4114092bb34a00865723ae85,0,completed_no_paper,0.000
AEARCTR-0000180,2026-09-26,f7718305ddb854c4956cfc5676968b65b14c52d5,0,completed_no_paper,0.000
AEARCTR-0000184,2026-09-26,4d74450f0154b95fa568c1d57f5e18d46e27c045,1,published,0.880
AEARCTR-0000187,2026-09-26,010ee2a044b31616870745a75d332a05591eb752,1,published,0.930
AEARCTR-0000188,2026-09-26,ad62f23e291039c2598d935f6b678ba0df220ede,0,completed_no_paper,0.000
AEARCTR-0000191,2026-09-26,2d9268170fc4d4cfd267088be1880d70046ffa1c,0,completed_no_paper,0.000
AEARCTR-0000196,2026-09-26,347b5e09fecb4fa677e02621ad11a258e6e82e65,0,completed_no_paper,0.000
AEARCTR-0000198,2026-09-26,653bf99d4329dfb5078eb12ac57adaf77dddc5e6,0,completed_no_paper,0.000
AEARCTR-0000210,2026-09-26,98c17bd74855e6d2b95c0beabca110892df0ec83,0,completed_no_paper,0.000
AEARCTR-0000211,2026-09-26,6418a71ae3cba1efecf6353302b63c3f31630acc,1,published,0.970
AEARCTR-0000218,2026-09-26,8f3cb2259c7646849317a1b06cb2122c14bf9708,0,completed_no_paper,0.000
AEARCTR-0000219,2026-09-26,fc9add9e71b5684f3bf037436f45e2990d16a12e,0,completed_no_paper,0.000
AEARCTR-0000220,2026-09-26,0797c69a767928ab2b1f9e10f835c12b1d83b0b4,0,completed_no_paper,0.000
AEARCTR-0000222,2026-09-26,7651db1ca06702ea04fbfa3c1f1070aff7b9576a,0,completed_no_paper,0.000
AEARCTR-0000223,2026-09-26,d6bd98c48f42b4712cc508d0775f9a2b449aee78,1,published,0.970
AEARCTR-0000225,2026-09-26,5de18b6a2b365a5a0567ae29eeed63be5adde721,0,completed_no_paper,0.000
AEARCTR-0000231,2026-09-26,12dc5a96298d2db39d26dead964c89320154353c,0,completed_no_paper,0.000
AEARCTR-0000234,2026-09-26,259fd20ca69524f151a64a1c475d63d7f43d2fab,0,completed_no_paper,0.000
AEARCTR-0000253,2026-09-26,9994a8b7c1490534ce70cb9680ea58b00e64c6fd,0,completed_no_paper,0.000
AEARCTR-0000262,2026-09-26,0f8a8412beed536f3ef968fed15aa45fc6d7bae3,1,published,0.970
AEARCTR-0000277,2026-09-26,cb5941073431d3a6dbafac53f99ec7ff93059e90,0,completed_no_paper,0.000
AEARCTR-0000286,2026-09-26,4726d0f1bfed2bb766afda1dd2c141d2d0cff2d3,0,completed_no_paper,0.000
AEARCTR-0000287,2026-09-26,a7e3b8976737516b658cb135e3d9d42a91a8121c,1,published,0.970
AEARCTR-0000297,2026-09-26,ca397c7a5924a7491f1e7084dc2de4c28fba61ef,1,published,0.970
AEARCTR-0000303,2026-09-26,d50ebf5e36475b19375d8e10bfe98b99f1e9dd8e,0,completed_no_paper,0.000
AEARCTR-0000304,2026-09-26,8ee333c147cc1b73a0af0fefb6672485570e7b29,0,completed_no_paper,0.000
