rct_id,paper_key,kind,title,authors,venue,venue_type,year,publication_date,doi,openalex_id,arxiv_id,url,cited_by,method,confidence,evidence,first_seen,last_seen
AEARCTR-0000005,doi:10.1257/pandp.113.850,published,Report of the AEA Data Editor,Lars Vilhuber,AEA Papers and Proceedings,journal,2023,2023-05-01,10.1257/pandp.113.850,W4377832476,,https://doi.org/10.1257/pandp.113.850,3,rct_id_citation,0.93,Paper's full text cites the trial id AEARCTR0000005.,2026-09-26,2026-09-26
AEARCTR-0000006,doi:10.1080/00220388.2022.2110489,published,Community Health Educators and Maternal Health: Experimental Evidence from Northern Nigeria,Martina Björkman Nyqvist; Jessica Leight; Vandana Sharma,The Journal of Development Studies,journal,2022,2022-08-22,10.1080/00220388.2022.2110489,W4292967047,,https://doi.org/10.1080/00220388.2022.2110489,3,declared_doi,0.97,DOI 10.1080/00220388.2022.2110489 listed by the authors in the registry entry.,2026-09-26,2026-09-26
AEARCTR-0000016,doi:10.3386/w21715,working_paper,How Strong are Ethnic Preferences?,Lars Ivar Oppedal Berge; Kjetil Bjorvatn; Simon Galle; Edward A. Miguel; Daniel Posner; Bertil Tungodden; Kelly Zhang,National Bureau of Economic Research,repository,2015,2015-11-01,10.3386/w21715,W2180200162,,https://doi.org/10.3386/w21715,42,rct_id_citation,0.93,Paper's full text cites the trial id AEARCTR-0000016.,2026-09-26,2026-09-26
AEARCTR-0000016,openalex_id:W3146521100,working_paper,How Strong are Ethnic Preferences,Lars Ivar Oppedal Berge; Kjetil Bjorvatn; Simon Galle; Edward A. Miguel; Daniel Posner; Bertil Tungodden; Kelly Zhang,RePEc: Research Papers in Economics,repository,2015,2015-01-01,,W3146521100,,https://openalex.org/W3146521100,0,rct_id_citation,0.93,Paper's full text cites the trial id AEARCTR-0000016.,2026-09-26,2026-09-26
AEARCTR-0000019,doi:10.1002/14651858.cd011135.pub2,published,Unconditional cash transfers for reducing poverty and vulnerabilities: effect on use of health services and health outcomes in low- and middle-income countries,Frank Pega; Sze Yan Liu; Stefan Walter; Roman Pabayo; Ruhi Saith; Stefan K. Lhachimi,Cochrane Database of Systematic Reviews,journal,2017,2017-11-15,10.1002/14651858.cd011135.pub2,W1546530261,,https://doi.org/10.1002/14651858.cd011135.pub2,161,rct_id_citation,0.93,Paper's full text cites the trial id AEARCTR-0000019.,2026-09-26,2026-09-26
AEARCTR-0000027,doi:10.7910/dvn/lclkdt,working_paper,"Cognitive science in the field: A preschool intervention durably improves non-symbolic, but not symbolic, mathematics",Moira Rose Dillon; Harini Kannan; Joshua T. Dean; Elizabeth S. Spelke; Esther Duflo,Harvard Dataverse,repository,2017,2017-03-16,10.7910/dvn/lclkdt,W4398306085,,https://doi.org/10.7910/dvn/lclkdt,0,declared_doi,0.97,DOI 10.7910/dvn/lclkdt listed by the authors in the registry entry.,2026-09-26,2026-09-26
AEARCTR-0000028,doi:10.1056/nejmsa1212321,published,The Oregon Experiment — Effects of Medicaid on Clinical Outcomes,Katherine Baicker; Sarah L. Taubman; HEIDI L. ALLEN; Mira Bernstein; Jonathan Gruber; Joseph P. Newhouse; Eric C. Schneider; Bill J. Wright; Alan M. Zaslavsky; Amy N. Finkelstein,New England Journal of Medicine,journal,2013,2013-05-02,10.1056/nejmsa1212321,W2102905683,,https://doi.org/10.1056/nejmsa1212321,1163,declared_doi,0.97,DOI 10.1056/nejmsa1212321 listed by the authors in the registry entry.,2026-09-26,2026-09-26
AEARCTR-0000028,doi:10.3386/w24647,working_paper,Reconciling Seemingly Contradictory Results from the Oregon Health Insurance Experiment and the Massachusetts Health Reform,Amanda Kowalski,National Bureau of Economic Research,repository,2018,2018-05-01,10.3386/w24647,W2911883296,,https://doi.org/10.3386/w24647,22,rct_id_citation,0.93,Paper's full text cites the trial id AEARCTR-0000028.,2026-09-26,2026-09-26
AEARCTR-0000028,doi:10.1162/rest_a_01069,published,Reconciling Seemingly Contradictory Results from the Oregon Health Insurance Experiment and the Massachusetts Health Reform,Amanda Kowalski,The Review of Economics and Statistics,journal,2021,2021-07-14,10.1162/rest_a_01069,W3201610518,,https://doi.org/10.1162/rest_a_01069,24,rct_id_citation,0.93,Paper's full text cites the trial id AEARCTR-0000028.,2026-09-26,2026-09-26
AEARCTR-0000028,doi:10.1136/bmj-2024-079377,published,Heterogeneous effects of Medicaid coverage on cardiovascular risk factors: secondary analysis of randomized controlled trial,Kosuke Inoue; Susan Carleton Athey; Katherine Baicker; Yusuke Tsugawa,BMJ,journal,2024,2024-09-23,10.1136/bmj-2024-079377,W4402727953,,https://doi.org/10.1136/bmj-2024-079377,23,rct_id_citation,0.93,Paper's full text cites the trial id AEARCTR-0000028.,2026-09-26,2026-09-26
AEARCTR-0000036,doi:10.1016/j.jdeveco.2019.04.004,published,When the money runs out: Do cash transfers have sustained effects on human capital accumulation?,Sarah Baird; Craig McIntosh; Berk Özler,Journal of Development Economics,journal,2019,2019-05-14,10.1016/j.jdeveco.2019.04.004,W2559690416,,https://doi.org/10.1016/j.jdeveco.2019.04.004,195,rct_id_citation,0.93,Paper's full text cites the trial id AEARCTR-0000036.,2026-09-26,2026-09-26
AEARCTR-0000037,doi:10.1016/j.jeem.2016.11.004,published,Microcredit and willingness to pay for environmental quality: Evidence from a randomized-controlled trial of finance for sanitation in rural Cambodia,Ariel Ben Yishay; Andrew Fraker; Raymond P. Guiteras; Giordano E Palloni; Neil Buddy Shah; Stuart Shirrell; Paul Po-Shen Wang,Journal of Environmental Economics and Management,journal,2016,2016-11-25,10.1016/j.jeem.2016.11.004,W2555101851,,https://doi.org/10.1016/j.jeem.2016.11.004,99,declared_doi,0.97,DOI 10.1016/j.jeem.2016.11.004 listed by the authors in the registry entry.,2026-09-26,2026-09-26
AEARCTR-0000045,doi:10.7910/dvn/27854,working_paper,Tying Odysseus to the Mast: Evidence from a Commitment Savings Product in the Philippines,Nava Ashraf; Dean Karlan; Wesley Yin,Harvard Dataverse,repository,2014,2014-11-19,10.7910/dvn/27854,W3122336659,,https://doi.org/10.7910/dvn/27854,65,declared_doi,0.97,DOI 10.7910/dvn/27854 listed by the authors in the registry entry.,2026-09-26,2026-09-26
AEARCTR-0000051,doi:10.1596/34964,published,"Effects of a Multifaceted Education Program on Enrollment, Learning, and Gender Equity: Evidence from Rajasthan, India",Clara Delavallade; Alan Griffith; Rebecca Thonrton,"World Bank, Washington, DC eBooks",ebook platform,2020,2020-12-01,10.1596/34964,W4409904247,,https://doi.org/10.1596/34964,0,rct_id_citation,0.93,Paper's full text cites the trial id AEARCTR-0000051.,2026-09-26,2026-09-26
AEARCTR-0000062,doi:10.1162/rest_a_00938,published,Self-Control and Demand for Preventive Health: Evidence from Hypertension in India,Liang Bai; Benjamin Handel; Edward A. Miguel; Gautam Rao,The Review of Economics and Statistics,journal,2020,2020-06-20,10.1162/rest_a_00938,W2750686999,,https://doi.org/10.1162/rest_a_00938,52,declared_doi,0.97,DOI 10.1162/rest_a_00938 listed by the authors in the registry entry.,2026-09-26,2026-09-26
AEARCTR-0000062,doi:10.7910/dvn/mkrcfu,working_paper,Replication data for: Self-Control and Demand for Preventive Health: Evidence from Hypertension in India,Ben Handel; Liang Bai; Edward A. Miguel; Gautam Rao,Harvard Dataverse,repository,2020,2020-05-29,10.7910/dvn/mkrcfu,W4398438194,,https://doi.org/10.7910/dvn/mkrcfu,0,declared_doi,0.97,DOI 10.7910/dvn/mkrcfu listed by the authors in the registry entry.,2026-09-26,2026-09-26
AEARCTR-0000062,doi:10.3386/w23727,working_paper,Self-Control and Demand for Preventive Health: Evidence from Hypertension in India,Liang Bai; Benjamin Handel; Edward A. Miguel; Gautam Rao,National Bureau of Economic Research,repository,2017,2017-08-01,10.3386/w23727,W3099800883,,https://doi.org/10.3386/w23727,18,rct_id_citation,0.93,Paper's full text cites the trial id AEARCTR-0000062.,2026-09-26,2026-09-26
AEARCTR-0000076,doi:10.1186/s40172-015-0022-8,working_paper,Testing the importance of search frictions and matching through a randomized experiment in Jordan,Matthew Groh; David John McKenzie; Nour Shammout; Tara Vishwanath,IZA Journal of Labor Economics,journal,2015,2015-04-23,10.1186/s40172-015-0022-8,W2001047568,,https://doi.org/10.1186/s40172-015-0022-8,53,declared_doi,0.97,DOI 10.1186/s40172-015-0022-8 listed by the authors in the registry entry.,2026-09-26,2026-09-26
AEARCTR-0000078,doi:10.1257/aer.20151404,published,Identifying and Spurring High-Growth Entrepreneurship: Experimental Evidence from a Business Plan Competition,David Robert McKenzie,American Economic Review,journal,2017,2017-07-28,10.1257/aer.20151404,W1833924479,,https://doi.org/10.1257/aer.20151404,337,declared_doi,0.97,DOI 10.1257/aer.20151404 listed by the authors in the registry entry.,2026-09-26,2026-09-26
AEARCTR-0000081,doi:10.3386/w19863,working_paper,Loose Knots: Strong versus Weak Commitments to Save for Education in Uganda,Dean Karlan; Leigh Linden,National Bureau of Economic Research,repository,2014,2014-01-01,10.3386/w19863,W1503654946,,https://doi.org/10.3386/w19863,91,rct_id_citation,0.93,Paper's full text cites the trial id AEARCTR-0000081.,2026-09-26,2026-09-26
AEARCTR-0000105,doi:10.1136/bmjgh-2018-000983,published,The impact of reducing dietary aflatoxin exposure on child linear growth: a cluster randomised controlled trial in Kenya,Vivian Hoffmann; Kelly Jones; Jef L J P Leroy,BMJ Global Health,journal,2018,2018-12-01,10.1136/bmjgh-2018-000983,W2902983723,,https://doi.org/10.1136/bmjgh-2018-000983,77,rct_id_citation,0.93,Paper's full text cites the trial id AEARCTR-0000105.,2026-09-26,2026-09-26
AEARCTR-0000130,doi:10.1257/aer.20180607,published,"Seasonal Liquidity, Rural Labor Markets, and Agricultural Production",Günther Fink; Brooke Kelsey Jack; Felix Masiye,American Economic Review,journal,2020,2020-10-28,10.1257/aer.20180607,W2799563782,,https://doi.org/10.1257/aer.20180607,132,declared_doi,0.97,DOI 10.1257/aer.20180607 listed by the authors in the registry entry.,2026-09-26,2026-09-26
AEARCTR-0000132,openalex_id:W3009130449,working_paper,Demand for Electricity on the Global Electrification Frontier,Robin Burgess; Michael A. Greenstone; Nicholas Ryan; Anant Sudarshan,RePEc: Research Papers in Economics,repository,2020,2020-01-01,,W3009130449,,https://openalex.org/W3009130449,8,rct_id_citation,0.93,Paper's full text cites the trial id AEARCTR-0000132.,2026-09-26,2026-09-26
AEARCTR-0000132,doi:10.65864/qdzde3oknh,working_paper,Financial Inclusion and Electricity Uptake,Megan Lang; Alpha Ly,CESifo,journal,2026,2026-08-13,10.65864/qdzde3oknh,W7203638520,,https://doi.org/10.65864/qdzde3oknh,0,rct_id_citation,0.93,Paper's full text cites the trial id AEARCTR-0000132.,2026-09-26,2026-09-26
AEARCTR-0000132,openalex_id:W7167443489,working_paper,The global electrification frontier and climate change,Robin Burgess; Michael Greenstone; Nicholas Ryan; Anant Sudarshan,Warwick Research Archive Portal (University of Warwick),repository,2023,2023-01-06,,W7167443489,,https://openalex.org/W7167443489,0,rct_id_citation,0.93,Paper's full text cites the trial id AEARCTR-0000132.,2026-09-26,2026-09-26
AEARCTR-0000156,doi:10.1257/app.20190497,published,Teaching Labor Laws: Evidence from a Randomized Control Trial in South Africa,Marianne Bertrand; Bruno Crépon,American Economic Journal Applied Economics,journal,2021,2021-09-27,10.1257/app.20190497,W3149041781,,https://doi.org/10.1257/app.20190497,6,rct_id_citation,0.93,Paper's full text cites the trial id AEARCTR-0000156.,2026-09-26,2026-09-26
AEARCTR-0000165,doi:10.3386/w24379,working_paper,Dangers of a Double-Bottom Line: A Poverty Targeting Experiment Misses Both Targets,Dean Karlan; Adam Osman; Jonathan Zinman,National Bureau of Economic Research,repository,2018,2018-03-01,10.3386/w24379,W2790741152,,https://doi.org/10.3386/w24379,10,rct_id_citation,0.93,Paper's full text cites the trial id AEARCTR-0000165.,2026-09-26,2026-09-26
AEARCTR-0000167,doi:10.1002/pam.22043,published,The Impact of Providing Vision Screening and Free Eyeglasses on Academic Outcomes: Evidence from a Randomized Trial in Title I Elementary Schools in Florida,Paul W. Glewwe; Kristine Lamm West; Jong‐Wook Lee,Journal of Policy Analysis and Management,journal,2017,2017-12-14,10.1002/pam.22043,W2771589343,,https://doi.org/10.1002/pam.22043,165,declared_doi,0.97,DOI 10.1002/pam.22043 listed by the authors in the registry entry.,2026-09-26,2026-09-26
AEARCTR-0000168,doi:10.7910/dvn/2lywnu,working_paper,"Land Rights in Transition: Preliminary experimental evidence on how changes in formal tenure affect agricultural outcomes, perceptions, and decision-making in the Philippines",Rosa Castro Zarzur; Prudenciano U. Gordoncillo; Snaebjorn Gunnsteinsson; Forest Jarvis; Hilary C. Johnson; Elizaveta Perova; Peter Srouji,Harvard Dataverse,repository,2020,2020-06-11,10.7910/dvn/2lywnu,W4398391996,,https://doi.org/10.7910/dvn/2lywnu,1,declared_doi,0.97,DOI 10.7910/dvn/2lywnu listed by the authors in the registry entry.,2026-09-26,2026-09-26
AEARCTR-0000184,doi:10.1162/edfp_a_00311,published,Do Teach For America Corps Members Still Improve Student Achievement? Evidence from a Randomized Controlled Trial of Teach For America's Scale-Up Effort,Melissa A. Clark; Eric Isenberg,Education Finance and Policy,journal-article,2020,2020-01-01,10.1162/edfp_a_00311,,,https://doi.org/10.1162/edfp_a_00311,9,declared_citation,0.88,Author-listed reference matched by title (similarity 1.00).,2026-09-26,2026-09-26
AEARCTR-0000187,doi:10.1155/2014/694193,published,The Effect of Adjuvant Zinc Therapy on Recovery from Pneumonia in Hospitalized Children: A Double-Blind Randomized Controlled Trial,Mohammad Javad Qasemzadeh; Mahdi Fathi; Maryam Tashvighi; Mohammad Gharehbeglou; Soheila Yadollah-Damavandi; Yekta Parsa; Ebrahim Rahimi,Scientifica,journal,2014,2014-01-01,10.1155/2014/694193,W2051456182,,https://doi.org/10.1155/2014/694193,19,rct_id_citation,0.93,Paper's full text cites the trial id AEARCTR-0000187.,2026-09-26,2026-09-26
AEARCTR-0000211,doi:10.1371/journal.pmed.1003274,published,"Effectiveness of a culturally appropriate intervention to prevent intimate partner violence and HIV transmission among men, women, and couples in rural Ethiopia: Findings from a cluster-randomized controlled trial",Vandana Sharma; Jessica Leight; Fabio Verani; Samuel Tewolde; Negussie Deyessa,PLoS Medicine,journal,2020,2020-08-18,10.1371/journal.pmed.1003274,W3069882315,,https://doi.org/10.1371/journal.pmed.1003274,75,declared_doi,0.97,DOI 10.1371/journal.pmed.1003274 listed by the authors in the registry entry.,2026-09-26,2026-09-26
AEARCTR-0000223,doi:10.1002/pam.22256,published,Increasing Community College Completion Rates Among Low‐Income Students: Evidence from a Randomized Controlled Trial Evaluation of a Case‐Management Intervention,William N. Evans; Melissa Schettini Kearney; Brendan Perry; James X. Sullivan,Journal of Policy Analysis and Management,journal,2020,2020-09-01,10.1002/pam.22256,W3123306059,,https://doi.org/10.1002/pam.22256,87,declared_doi,0.97,DOI 10.1002/pam.22256 listed by the authors in the registry entry.,2026-09-26,2026-09-26
AEARCTR-0000262,doi:10.1257/aer.20141757,published,The Value of Postsecondary Credentials in the Labor Market: An Experimental Study,David J Deming; Noam Yuchtman; Amira Abulafi; Claudia Dale Goldin; Lawrence F. Katz,American Economic Review,journal,2016,2016-02-29,10.1257/aer.20141757,W1653984643,,https://doi.org/10.1257/aer.20141757,289,declared_doi,0.97,DOI 10.1257/aer.20141757 listed by the authors in the registry entry.,2026-09-26,2026-09-26
AEARCTR-0000287,doi:10.1257/app.20180340,published,Growing Markets through Business Training for Female Entrepreneurs: A Market-Level Randomized Experiment in Kenya,David John McKenzie; Susana Puerto,American Economic Journal Applied Economics,journal,2021,2021-03-29,10.1257/app.20180340,W2593364427,,https://doi.org/10.1257/app.20180340,74,declared_doi,0.97,DOI 10.1257/app.20180340 listed by the authors in the registry entry.,2026-09-26,2026-09-26
AEARCTR-0000297,doi:10.1257/app.20200503,published,Are Small Firms Labor Constrained? Experimental Evidence from Ghana,Morgan Hardy; Jamie McCasland,American Economic Journal Applied Economics,journal,2023,2023-03-29,10.1257/app.20200503,W4361286318,,https://doi.org/10.1257/app.20200503,43,declared_doi,0.97,DOI 10.1257/app.20200503 listed by the authors in the registry entry.,2026-09-26,2026-09-26
